Name,Sequence,Barcode,proteinID
ZNF614,ACATTCTGTGCA,TGCACAGAATGT,p11A-A01-ZNF614-ACATTCTGTGCA
GTF3C2,ATCACGCTAA,TTAGCGTGAT,p11A-A02-GTF3C2-ATCACGCTAA
ZNF416,ACGATATCTG,CAGATATCGT,p11A-A03-ZNF416-ACGATATCTG
ZNF513,AACACCAAG,CTTGGTGTT,p11A-A04-ZNF513-AACACCAAG
OLIG3,AGCTCTTTACAG,CTGTAAAGAGCT,p11A-A05-OLIG3-AGCTCTTTACAG
SRF,AACAAATGAGAG,CTCTCATTTGTT,p11A-A06-SRF-AACAAATGAGAG
ZNF639,AGATGCAAGGGT,ACCCTTGCATCT,p11A-A07-ZNF639-AGATGCAAGGGT
ZNF85,AGTCCAACTA,TAGTTGGACT,p11A-A08-ZNF85-AGTCCAACTA
ZNF69,ATTGTACCCTTT,AAAGGGTACAAT,p11A-A09-ZNF69-ATTGTACCCTTT
CPSF4,AGTGAACTC,GAGTTCACT,p11A-A10-CPSF4-AGTGAACTC
HES2,ATGAACGCAACT,AGTTGCGTTCAT,p11A-A11-HES2-ATGAACGCAACT
ZNF655,AGTGCCAATT,AATTGGCACT,p11A-A12-ZNF655-AGTGCCAATT
METTL3,ATGGTGTCT,AGACACCAT,p11A-B01-METTL3-ATGGTGTCT
ARID3B,ATACTTCGCTTG,CAAGCGAAGTAT,p11A-B02-ARID3B-ATACTTCGCTTG
NUFIP1,AGTATAGCAC,GTGCTATACT,p11A-B03-NUFIP1-AGTATAGCAC
ZSCAN2,ACTCAATAGTGC,GCACTATTGAGT,p11A-B04-ZSCAN2-ACTCAATAGTGC
ZNF354A,ACCTTTACA,TGTAAAGGT,p11A-B05-ZNF354A-ACCTTTACA
ZNF777,AGTACGCTT,AAGCGTACT,p11A-B06-ZNF777-AGTACGCTT
ZNF567,ACGCTGTAAT,ATTACAGCGT,p11A-B07-ZNF567-ACGCTGTAAT
WT1,AGCCCTCATGAA,TTCATGAGGGCT,p11A-B08-WT1-AGCCCTCATGAA
ZNF764,ACCTAGTC,GACTAGGT,p11A-B09-ZNF764-ACCTAGTC
TLX3,AGTTAATGGCTA,TAGCCATTAACT,p11A-B10-TLX3-AGTTAATGGCTA
NO,ACGACCCTAAA,TTTAGGGTCGT,p11A-B11-NO-ACGACCCTAAA
MEIS3,AGTTACCACCAC,GTGGTGGTAACT,p11A-B12-MEIS3-AGTTACCACCAC
TULP1,ACATCGTTATTC,GAATAACGATGT,p11A-C01-TULP1-ACATCGTTATTC
ZNF658,ACTGAAACAAG,CTTGTTTCAGT,p11A-C02-ZNF658-ACTGAAACAAG
TAF1A,AGAAACGCTTT,AAAGCGTTTCT,p11A-C03-TAF1A-AGAAACGCTTT
FOXA2,ACCTATCATGAA,TTCATGATAGGT,p11A-C04-FOXA2-ACCTATCATGAA
NFIL3,AGTACACCATCA,TGATGGTGTACT,p11A-C05-NFIL3-AGTACACCATCA
NR4A2,AACAAGCAAG,CTTGCTTGTT,p11A-C06-NR4A2-AACAAGCAAG
CREB5,ATTCACGATTAG,CTAATCGTGAAT,p11A-C07-CREB5-ATTCACGATTAG
ZNF410,ACAACCTCATTA,TAATGAGGTTGT,p11A-C08-ZNF410-ACAACCTCATTA
MAX,ATGAATAGG,CCTATTCAT,p11A-C09-MAX-ATGAATAGG
ZNF529,ACATAAAGCTCA,TGAGCTTTATGT,p11A-C10-ZNF529-ACATAAAGCTCA
PAX3,AAGTAACCTTA,TAAGGTTACTT,p11A-C11-PAX3-AAGTAACCTTA
GATA1,ATGCCTAATG,CATTAGGCAT,p11A-C12-GATA1-ATGCCTAATG
ZNF446,AAGTCCGAACTC,GAGTTCGGACTT,p11A-D01-ZNF446-AAGTCCGAACTC
TOX4,ATCATAGCCT,AGGCTATGAT,p11A-D02-TOX4-ATCATAGCCT
TRIM13,ACAAAGACCT,AGGTCTTTGT,p11A-D03-TRIM13-ACAAAGACCT
ZNF326,ATAAACCGA,TCGGTTTAT,p11A-D04-ZNF326-ATAAACCGA
ZNF556,ACTGCACTGTGA,TCACAGTGCAGT,p11A-D05-ZNF556-ACTGCACTGTGA
RBPJ,AATCTTTCTTGC,GCAAGAAAGATT,p11A-D06-RBPJ-AATCTTTCTTGC
SOX5,ACACACGAACCT,AGGTTCGTGTGT,p11A-D07-SOX5-ACACACGAACCT
BRF1,ACACCTCTCAG,CTGAGAGGTGT,p11A-D08-BRF1-ACACCTCTCAG
ZNF468,ATTGCATTC,GAATGCAAT,p11A-D09-ZNF468-ATTGCATTC
ZNF25,AACTGTATGC,GCATACAGTT,p11A-D10-ZNF25-AACTGTATGC
ESRRG,ACCGAAATTTAC,GTAAATTTCGGT,p11A-D11-ESRRG-ACCGAAATTTAC
NR5A2,ATGTCCTATAC,GTATAGGACAT,p11A-D12-NR5A2-ATGTCCTATAC
HDAC8,AAGTAATGG,CCATTACTT,p11A-E01-HDAC8-AAGTAATGG
ILF3,AGTTCCAATCTG,CAGATTGGAACT,p11A-E02-ILF3-AGTTCCAATCTG
TFAP2A,AATTTCCAT,ATGGAAATT,p11A-E03-TFAP2A-AATTTCCAT
ATF7,AAGCTTCTGT,ACAGAAGCTT,p11A-E04-ATF7-AAGCTTCTGT
ZNF277,ACATTGCTCACA,TGTGAGCAATGT,p11A-E05-ZNF277-ACATTGCTCACA
CREB5,AGAATAGAGG,CCTCTATTCT,p11A-E06-CREB5-AGAATAGAGG
PLRG1,AATATACGGC,GCCGTATATT,p11A-E07-PLRG1-AATATACGGC
ZNF189,ACACTGTTCCCT,AGGGAACAGTGT,p11A-E08-ZNF189-ACACTGTTCCCT
EGR2,ACCTGTCCGATT,AATCGGACAGGT,p11A-E09-EGR2-ACCTGTCCGATT
NFATC3,AGAATCTCCCTG,CAGGGAGATTCT,p11A-E10-NFATC3-AGAATCTCCCTG
ETS1,ATACTTTAAGG,CCTTAAAGTAT,p11A-E11-ETS1-ATACTTTAAGG
NEUROD6,AACACTAGTTA,TAACTAGTGTT,p11A-E12-NEUROD6-AACACTAGTTA
EYA2,AGGGTAGTCTCA,TGAGACTACCCT,p11A-F01-EYA2-AGGGTAGTCTCA
POU4F3,AGATACGCCCAT,ATGGGCGTATCT,p11A-F02-POU4F3-AGATACGCCCAT
ZNF81,AACTACACCA,TGGTGTAGTT,p11A-F03-ZNF81-AACTACACCA
TEAD2,ACAAACCTGCCT,AGGCAGGTTTGT,p11A-F04-TEAD2-ACAAACCTGCCT
KLF7,AGCTACACAAAC,GTTTGTGTAGCT,p11A-F05-KLF7-AGCTACACAAAC
NRBF2,ATACCTAAG,CTTAGGTAT,p11A-F06-NRBF2-ATACCTAAG
GTF2A1,ATGCCATTCT,AGAATGGCAT,p11A-F07-GTF2A1-ATGCCATTCT
CBFB,AGAGCTCTCCTA,TAGGAGAGCTCT,p11A-F08-CBFB-AGAGCTCTCCTA
MED4,AAGCTCCAC,GTGGAGCTT,p11A-F09-MED4-AAGCTCCAC
ZNF213,ATTGCCACCTCT,AGAGGTGGCAAT,p11A-F10-ZNF213-ATTGCCACCTCT
MYBL2,AAGAGTGCTCG,CGAGCACTCTT,p11A-F11-MYBL2-AAGAGTGCTCG
MSX1,AAGAAAGCCAAA,TTTGGCTTTCTT,p11A-F12-MSX1-AAGAAAGCCAAA
IRX2,ACATATCCGA,TCGGATATGT,p11A-G01-IRX2-ACATATCCGA
ZFP64,ATAGTCCCAAGG,CCTTGGGACTAT,p11A-G02-ZFP64-ATAGTCCCAAGG
ZDHHC1,ATTCAACCTG,CAGGTTGAAT,p11A-G03-ZDHHC1-ATTCAACCTG
CTCF,ATGTACGAAG,CTTCGTACAT,p11A-G04-CTCF-ATGTACGAAG
ZNF274,AACCTTACCA,TGGTAAGGTT,p11A-G05-ZNF274-AACCTTACCA
DLX1,ATCGACCATTA,TAATGGTCGAT,p11A-G06-DLX1-ATCGACCATTA
TP53,ATGTGCATGT,ACATGCACAT,p11A-G07-TP53-ATGTGCATGT
TADA2A,AGTGTCCTTGT,ACAAGGACACT,p11A-G08-TADA2A-AGTGTCCTTGT
ZNF584,AAGTTGAAC,GTTCAACTT,p11A-G09-ZNF584-AAGTTGAAC
SFMBT1,ATTAGCAAT,ATTGCTAAT,p11A-G10-SFMBT1-ATTAGCAAT
HCFC2,ATAATCCAT,ATGGATTAT,p11A-G11-HCFC2-ATAATCCAT
ZCRB1,ATGATTTCGC,GCGAAATCAT,p11A-G12-ZCRB1-ATGATTTCGC
RXRG,AACTGCGCCAAT,ATTGGCGCAGTT,p11A-H01-RXRG-AACTGCGCCAAT
HOXB9,ACCGGAAATCAC,GTGATTTCCGGT,p11A-H02-HOXB9-ACCGGAAATCAC
USF2,ACTATACGACAT,ATGTCGTATAGT,p11A-H03-USF2-ACTATACGACAT
ZNF71,AGCCTTGTG,CACAAGGCT,p11A-H04-ZNF71-AGCCTTGTG
HCLS1,ACTTGCGAACAA,TTGTTCGCAAGT,p11A-H05-HCLS1-ACTTGCGAACAA
ZNF574,AAGCTCTACT,AGTAGAGCTT,p11A-H06-ZNF574-AAGCTCTACT
NFYB,ATGCTACTTG,CAAGTAGCAT,p11A-H07-NFYB-ATGCTACTTG
SCMH1,ACTCGTCAAAGG,CCTTTGACGAGT,p11A-H08-SCMH1-ACTCGTCAAAGG
FOXN3,ATGCCAAACAAG,CTTGTTTGGCAT,p11A-H09-FOXN3-ATGCCAAACAAG
SLC30A9,ACTAACTTGG,CCAAGTTAGT,p11A-H10-SLC30A9-ACTAACTTGG
TAF5L,AATTGTGAGC,GCTCACAATT,p11A-H11-TAF5L-AATTGTGAGC
SIX1,AATTGGTGGCT,AGCCACCAATT,p11A-H12-SIX1-AATTGGTGGCT
RCOR3,AATTAACTCGAC,GTCGAGTTAATT,p12A-A01-RCOR3-AATTAACTCGAC
ZNF238,AAGAAACCA,TGGTTTCTT,p12A-A02-ZNF238-AAGAAACCA
ATOH7,AATTAATCCGCA,TGCGGATTAATT,p12A-A03-ATOH7-AATTAATCCGCA
SMARCC2,ACAAAGCTATC,GATAGCTTTGT,p12A-A04-SMARCC2-ACAAAGCTATC
ZNF490,ATCCTAAGTTT,AAACTTAGGAT,p12A-A05-ZNF490-ATCCTAAGTTT
ZCCHC9,AAGGGTCTTT,AAAGACCCTT,p12A-A06-ZCCHC9-AAGGGTCTTT
POU3F2,AGTGAACCGAT,ATCGGTTCACT,p12A-A07-POU3F2-AGTGAACCGAT
SNAI1,ACAATGTACACA,TGTGTACATTGT,p12A-A08-SNAI1-ACAATGTACACA
HOXA11,ATCGACTTCT,AGAAGTCGAT,p12A-A09-HOXA11-ATCGACTTCT
MITF,ACCGGAAAT,ATTTCCGGT,p12A-A10-MITF-ACCGGAAAT
ZBTB12,AGAGTAAACCAC,GTGGTTTACTCT,p12A-A11-ZBTB12-AGAGTAAACCAC
ZBED1,AACAAATCTTGC,GCAAGATTTGTT,p12A-A12-ZBED1-AACAAATCTTGC
ZNF606,ACGACCTCTTCA,TGAAGAGGTCGT,p12A-B01-ZNF606-ACGACCTCTTCA
GTF3C2,AGGTTAACTTT,AAAGTTAACCT,p12A-B02-GTF3C2-AGGTTAACTTT
TIMELESS,ACTCACATC,GATGTGAGT,p12A-B03-TIMELESS-ACTCACATC
MAX,ATAAACTTCGCA,TGCGAAGTTTAT,p12A-B04-MAX-ATAAACTTCGCA
ZNF498,AATAGATGT,ACATCTATT,p12A-B05-ZNF498-AATAGATGT
ZCCHC8,ACTTGAGCTGGT,ACCAGCTCAAGT,p12A-B06-ZCCHC8-ACTTGAGCTGGT
ZHX1,AGGGATAGTACT,AGTACTATCCCT,p12A-B07-ZHX1-AGGGATAGTACT
CREM,AGTGAACCAAGC,GCTTGGTTCACT,p12A-B08-CREM-AGTGAACCAAGC
GTF3C3,AGGTAGTCCTGT,ACAGGACTACCT,p12A-B09-GTF3C3-AGGTAGTCCTGT
CREM,ATCACTGAGCCA,TGGCTCAGTGAT,p12A-B10-CREM-ATCACTGAGCCA
CREM,ACAAATGCTC,GAGCATTTGT,p12A-B11-CREM-ACAAATGCTC
CREM,ACACGATTCAAT,ATTGAATCGTGT,p12A-B12-CREM-ACACGATTCAAT
CREM,ACCCAACATTC,GAATGTTGGGT,p12A-C01-CREM-ACCCAACATTC
TGIF1,AACAAAGAT,ATCTTTGTT,p12A-C02-TGIF1-AACAAAGAT
PDLIM5,ATCACCTTGTGC,GCACAAGGTGAT,p12A-C03-PDLIM5-ATCACCTTGTGC
PSMC2,ACTGCGTGTAG,CTACACGCAGT,p12A-C04-PSMC2-ACTGCGTGTAG
ZNF593,ACATTCCTAGCA,TGCTAGGAATGT,p12A-C05-ZNF593-ACATTCCTAGCA
VPS4B,AGTCCATCCCTA,TAGGGATGGACT,p12A-C06-VPS4B-AGTCCATCCCTA
HEYL,ACTCAATCTAA,TTAGATTGAGT,p12A-C07-HEYL-ACTCAATCTAA
ZBTB7A,AAGCTTGCAT,ATGCAAGCTT,p12A-C08-ZBTB7A-AAGCTTGCAT
ATF4,AGACACCTG,CAGGTGTCT,p12A-C09-ATF4-AGACACCTG
RFX4,AATACTCGCTAT,ATAGCGAGTATT,p12A-C10-RFX4-AATACTCGCTAT
ZNF32,ATCATACCA,TGGTATGAT,p12A-C11-ZNF32-ATCATACCA
RELA,ACATTATACGCG,CGCGTATAATGT,p12A-C12-RELA-ACATTATACGCG
THRA,ACACTTTGTCG,CGACAAAGTGT,p12A-D01-THRA-ACACTTTGTCG
CEP250,ACTAAACAAGCG,CGCTTGTTTAGT,p12A-D02-CEP250-ACTAAACAAGCG
SSX3,ATTTGCCA,TGGCAAAT,p12A-D03-SSX3-ATTTGCCA
NUCB1,AGAGTCCCTTCT,AGAAGGGACTCT,p12A-D04-NUCB1-AGAGTCCCTTCT
ILF3,ACTGCGAAACCA,TGGTTTCGCAGT,p12A-D05-ILF3-ACTGCGAAACCA
ZNF3,AATGCCCTGTC,GACAGGGCATT,p12A-D06-ZNF3-AATGCCCTGTC
ILF2,ATCCATGG,CCATGGAT,p12A-D07-ILF2-ATCCATGG
GATA3,AGCGAGATACCA,TGGTATCTCGCT,p12A-D08-GATA3-AGCGAGATACCA
ZNF26,ACTGTAGTGAAC,GTTCACTACAGT,p12A-D09-ZNF26-ACTGTAGTGAAC
NFIB,ACACCCTTCTTG,CAAGAAGGGTGT,p12A-D10-NFIB-ACACCCTTCTTG
LARP1,ATCACAAAGTAC,GTACTTTGTGAT,p12A-D11-LARP1-ATCACAAAGTAC
KCNIP2,ACTTGTTGCCTG,CAGGCAACAAGT,p12A-D12-KCNIP2-ACTTGTTGCCTG
HOXB6,ATGCCTTCCTCT,AGAGGAAGGCAT,p12A-E01-HOXB6-ATGCCTTCCTCT
CREM,AATACCTTCTA,TAGAAGGTATT,p12A-E02-CREM-AATACCTTCTA
ATF2,AACTGCTGG,CCAGCAGTT,p12A-E03-ATF2-AACTGCTGG
MITF,AGTTTGTCAACT,AGTTGACAAACT,p12A-E04-MITF-AGTTTGTCAACT
KLF4,ACACTCACCTTT,AAAGGTGAGTGT,p12A-E05-KLF4-ACACTCACCTTT
ZKSCAN5,ATTTGGCAT,ATGCCAAAT,p12A-E06-ZKSCAN5-ATTTGGCAT
ZBTB44,AGAACGACTT,AAGTCGTTCT,p12A-E07-ZBTB44-AGAACGACTT
RFX4,AATGAGGTCT,AGACCTCATT,p12A-E08-RFX4-AATGAGGTCT
ZBTB43,AATGTCCTGCAA,TTGCAGGACATT,p12A-E09-ZBTB43-AATGTCCTGCAA
KLHL29,ACTAGCCATT,AATGGCTAGT,p12A-E10-KLHL29-ACTAGCCATT
LSR,ATGACTGCCAAA,TTTGGCAGTCAT,p12A-E11-LSR-ATGACTGCCAAA
BCL11A,ATGACTTACTT,AAGTAAGTCAT,p12A-E12-BCL11A-ATGACTTACTT
MAX,ACCCGCCTTTA,TAAAGGCGGGT,p12A-F01-MAX-ACCCGCCTTTA
ZNF44,ACATAGACCCAT,ATGGGTCTATGT,p12A-F02-ZNF44-ACATAGACCCAT
E2F2,ATCTGCGTCTTT,AAAGACGCAGAT,p12A-F03-E2F2-ATCTGCGTCTTT
GATA3,AAGCTTCTCCGT,ACGGAGAAGCTT,p12A-F04-GATA3-AAGCTTCTCCGT
TSC22D4,AGACACAAA,TTTGTGTCT,p12A-F05-TSC22D4-AGACACAAA
MAX,ATATATACTGC,GCAGTATATAT,p12A-F06-MAX-ATATATACTGC
ERG,ACCTCCTACCT,AGGTAGGAGGT,p12A-F07-ERG-ACCTCCTACCT
SSX2,ATCCAATAACCA,TGGTTATTGGAT,p12A-F08-SSX2-ATCCAATAACCA
ZNF461,ACTGGATTGGCT,AGCCAATCCAGT,p12A-F09-ZNF461-ACTGGATTGGCT
RFPL3,ACCCATAGAGCT,AGCTCTATGGGT,p12A-F10-RFPL3-ACCCATAGAGCT
ARNT,ATCTGAACTG,CAGTTCAGAT,p12A-F11-ARNT-ATCTGAACTG
MEF2A,ACGATAACTGCT,AGCAGTTATCGT,p12A-F12-MEF2A-ACGATAACTGCT
TRIM69,ATTCTTCGAG,CTCGAAGAAT,p12A-G01-TRIM69-ATTCTTCGAG
MEF2D,AGCATACTTC,GAAGTATGCT,p12A-G02-MEF2D-AGCATACTTC
ELF2,AGGTTATGTG,CACATAACCT,p12A-G03-ELF2-AGGTTATGTG
ARNT2,AGATACCACTTA,TAAGTGGTATCT,p12A-G04-ARNT2-AGATACCACTTA
ZBTB1,ACCCTGCAATAA,TTATTGCAGGGT,p12A-G05-ZBTB1-ACCCTGCAATAA
THAP5,AATCCCACACAG,CTGTGTGGGATT,p12A-G06-THAP5-AATCCCACACAG
NR2E3,ATCCCGATTACT,AGTAATCGGGAT,p12A-G07-NR2E3-ATCCCGATTACT
ZNF169,ACACTTCTAATG,CATTAGAAGTGT,p12A-G08-ZNF169-ACACTTCTAATG
TAF9,ACTCCTTATGGG,CCCATAAGGAGT,p12A-G09-TAF9-ACTCCTTATGGG
ZNF695,AGGTAAATC,GATTTACCT,p12A-G10-ZNF695-AGGTAAATC
ZEB2,AAGTAGCGCTTA,TAAGCGCTACTT,p12A-G11-ZEB2-AAGTAGCGCTTA
GTF2H2,AATGCACCATAT,ATATGGTGCATT,p12A-G12-GTF2H2-AATGCACCATAT
PPARG,AGTAAATCATC,GATGATTTACT,p12A-H01-PPARG-AGTAAATCATC
ZNF649,AATGTGCCG,CGGCACATT,p12A-H02-ZNF649-AATGTGCCG
TET3,AATTTCTCCTG,CAGGAGAAATT,p12A-H03-TET3-AATTTCTCCTG
KCNIP2,AACACCAATCAC,GTGATTGGTGTT,p12A-H04-KCNIP2-AACACCAATCAC
ZHX1,ATATATATCCGG,CCGGATATATAT,p12A-H05-ZHX1-ATATATATCCGG
KLF3,AATACTCTC,GAGAGTATT,p12A-H06-KLF3-AATACTCTC
GTF3C3,AAGAATGTGG,CCACATTCTT,p12A-H07-GTF3C3-AAGAATGTGG
ZBTB6,AATCGATGGCTG,CAGCCATCGATT,p12A-H08-ZBTB6-AATCGATGGCTG
NCOA4,ATGTACAACATG,CATGTTGTACAT,p12A-H09-NCOA4-ATGTACAACATG
MEIS2,ATGCATACTGGG,CCCAGTATGCAT,p12A-H10-MEIS2-ATGCATACTGGG
OTX2,AACCCTTT,AAAGGGTT,p12A-H11-OTX2-AACCCTTT
PPARG,ATTAGCTGC,GCAGCTAAT,p12A-H12-PPARG-ATTAGCTGC